{"cameraMode":{"drawMode":0,"name":"Shaded","section":"Shading Mode"},"sceneLighting":true,"audioPlay":false,"sceneViewState":{"showFog":true,"showMaterialUpdate":false,"showSkybox":true,"showFlares":true,"showImageEffects":true,"showParticleSystems":true,"showVisualEffectGraphs":true,"m_FxEnabled":true},"in2DMode":false,"pivot":{"x":33.15146255493164,"y":7.120545387268066,"z":22.907291412353517},"rotation":{"x":0.3097659647464752,"y":-0.017113395035266877,"z":0.005576381925493479,"w":0.9506413340568543},"size":2.137953519821167,"orthographic":false}