{"cameraMode":{"drawMode":0,"name":"Shaded","section":"Shading Mode"},"sceneLighting":true,"audioPlay":false,"sceneViewState":{"showFog":true,"showMaterialUpdate":false,"showSkybox":true,"showFlares":true,"showImageEffects":true,"showParticleSystems":true,"showVisualEffectGraphs":true,"m_FxEnabled":true},"in2DMode":false,"pivot":{"x":33.970001220703128,"y":6.1179327964782719,"z":26.413711547851564},"rotation":{"x":0.24783270061016084,"y":-0.020343059673905374,"z":0.005205250810831785,"w":0.9685718417167664},"size":2.632053852081299,"orthographic":false}