{"cameraMode":{"drawMode":0,"name":"Shaded","section":"Shading Mode"},"sceneLighting":true,"audioPlay":false,"sceneViewState":{"showFog":true,"showMaterialUpdate":false,"showSkybox":true,"showFlares":true,"showImageEffects":true,"showParticleSystems":true,"showVisualEffectGraphs":true,"m_FxEnabled":true},"in2DMode":false,"pivot":{"x":34.781131744384769,"y":6.562576770782471,"z":22.31366539001465},"rotation":{"x":0.3003472685813904,"y":-0.044332265853881839,"z":0.013976220972836018,"w":0.9526947140693665},"size":3.0379533767700197,"orthographic":false}