{"cameraMode":{"drawMode":0,"name":"Shaded","section":"Shading Mode"},"sceneLighting":true,"audioPlay":false,"sceneViewState":{"showFog":true,"showMaterialUpdate":false,"showSkybox":true,"showFlares":true,"showImageEffects":true,"showParticleSystems":true,"showVisualEffectGraphs":true,"m_FxEnabled":true},"in2DMode":false,"pivot":{"x":31.601051330566408,"y":19.197933197021486,"z":17.533714294433595},"rotation":{"x":0.24783270061016084,"y":-0.020343059673905374,"z":0.005205250810831785,"w":0.9685718417167664},"size":12.12435531616211,"orthographic":false}