{"cameraMode":{"drawMode":0,"name":"Shaded","section":"Shading Mode"},"sceneLighting":true,"audioPlay":false,"sceneViewState":{"showFog":true,"showMaterialUpdate":false,"showSkybox":true,"showFlares":true,"showImageEffects":true,"showParticleSystems":true,"showVisualEffectGraphs":true,"m_FxEnabled":true},"in2DMode":false,"pivot":{"x":34.22793960571289,"y":-0.24333667755126954,"z":32.04901123046875},"rotation":{"x":0.40219753980636599,"y":0.01785147190093994,"z":-0.007843849249184132,"w":0.9153438210487366},"size":7.2769246101379398,"orthographic":false}