{"cameraMode":{"drawMode":0,"name":"Shaded","section":"Shading Mode"},"sceneLighting":false,"audioPlay":false,"sceneViewState":{"showFog":false,"showMaterialUpdate":false,"showSkybox":false,"showFlares":false,"showImageEffects":false,"showParticleSystems":false,"showVisualEffectGraphs":true,"m_FxEnabled":true},"in2DMode":false,"pivot":{"x":-0.07043951749801636,"y":0.8123973608016968,"z":0.03556501865386963},"rotation":{"x":0.2084198147058487,"y":0.017602983862161638,"z":-0.003757067024707794,"w":0.9778403639793396},"size":1.1159777641296387,"orthographic":true}