{"cameraMode":{"drawMode":0,"name":"Shaded","section":"Shading Mode"},"sceneLighting":false,"audioPlay":false,"sceneViewState":{"showFog":false,"showMaterialUpdate":false,"showSkybox":false,"showFlares":false,"showImageEffects":false,"showParticleSystems":false,"showVisualEffectGraphs":true,"m_FxEnabled":true},"in2DMode":false,"pivot":{"x":0.11176943778991699,"y":0.7619478702545166,"z":0.08697769045829773},"rotation":{"x":0.05521446466445923,"y":0.6676213145256043,"z":-0.049761947244405749,"w":0.7407811284065247},"size":0.9463338851928711,"orthographic":true}