{"cameraMode":{"drawMode":0,"name":"Shaded","section":"Shading Mode"},"sceneLighting":false,"audioPlay":false,"sceneViewState":{"showFog":true,"showMaterialUpdate":false,"showSkybox":false,"showFlares":true,"showImageEffects":true,"showParticleSystems":true,"showVisualEffectGraphs":true,"m_FxEnabled":true},"in2DMode":false,"pivot":{"x":0.1865423321723938,"y":1.6217784881591797,"z":-0.0006901882588863373},"rotation":{"x":0.22868287563323975,"y":0.5356451869010925,"z":-0.15344713628292085,"w":0.7982731461524963},"size":0.05972616747021675,"orthographic":true}